<?xml version="1.0" encoding="UTF-8"?>
<project-private xmlns="http://www.netbeans.org/ns/project-private/1">
    <editor-bookmarks xmlns="http://www.netbeans.org/ns/editor-bookmarks/2" lastBookmarkId="0"/>
    <open-files xmlns="http://www.netbeans.org/ns/projectui-open-files/2">
        <group>
            <file>file:/C:/Users/60437/Documents/OneDrive%20-%20Georgian%20College/COPR/JAVA2/assignment/Assignment2/src/promotionalComputer/PromotionalComputer.java</file>
            <file>file:/C:/Users/60437/Documents/OneDrive%20-%20Georgian%20College/COPR/JAVA2/assignment/Assignment2/test/promotionalComputer/PromotionalComputerTest.java</file>
        </group>
    </open-files>
</project-private>
